Aikataulu | Metsastyshaulikon SM
Paiva 1 - 23.07.2026
RATA 1 Kettu,,,RATA 2 Hirvi,,,RATA 3 Karhu
10:00,1,Meikalainen Matti,10:00,2,Testaaja Teppo,10:00,3,Koelaukoja Kalle
10:30,4,Esimerkki Eero,10:30,5,Ampuja Aino,10:30,6,Tarkka Timo
11:00,7,Rata Risto,11:00,8,Suora Sanna,11:00,9,Varma Veera
Paiva 2 - 24.07.2026
RATA 1 Kettu,,,RATA 2 Hirvi,,,RATA 3 Karhu
10:00,10,Meikalainen Matti,10:00,11,Testaaja Teppo,10:00,12,Koelaukoja Kalle
10:30,13,Esimerkki Eero,10:30,14,Ampuja Aino,10:30,15,Tarkka Timo
11:00,16,Rata Risto,11:00,17,Suora Sanna,11:00,18,Varma Veera
